Invoice No,Invoice Date,Vendor Name,Vendor GSTIN,HSN/SAC,Taxable Value,GST Rate,CGST,SGST,IGST,Total Invoice Value,GSTR-2B Period
INV-1001,02-05-2026,Sharma Enterprises,07AAACS1234F1Z5,8471,100000,18%,9000,9000,0,118000,May-2026
INV-1002,03-05-2026,Kumar Traders,09AAACK5678G1Z3,8517,50000,18%,4500,4500,0,59500,May-2026
INV-1003,05-05-2026,Patel Industries,24AAACP9012H1Z7,8443,75000,18%,6750,6750,0,88500,May-2026
INV-1007,15-05-2026,Gupta Stationers,07AABCG2345L1Z4,4820,15000,12%,900,900,0,16800,May-2026
INV-1008,18-05-2026,Reddy Tech Solutions,36AABCR6789M1Z9,9983,120000,18%,10800,10800,0,141600,May-2026
INV-1009,20-05-2026,Sharma Enterprises,07AAACS1234F1Z5,8471,45000,18%,4050,4050,0,53100,May-2026
INV-1010,22-05-2026,Iyer Consultants,33AABCI1234N1Z8,9982,60000,18%,5400,5400,0,70800,May-2026
INV-1011,25-05-2026,Mehta Furniture,24AABCM5678O1Z2,9403,80000,12%,4800,4800,0,89600,May-2026
INV-1012,28-05-2026,Kumar Traders,09AAACK5678G1Z3,8517,25000,18%,2250,2250,0,29500,May-2026
